x,y,class
3.072888815763386,0.5053952226900634,0
-1.2373433957848545,2.9739334537478332,0
-3.3859436270659367,-2.0948457514999146,0
5.971401250691813,3.367427636706794,0
-3.1189647265039886,2.7183628477618513,0
6.656616351790315,-7.627005149792628,0
-2.319076446957405,1.8894630693649073,0
-2.3512167018195793,2.497969559308853,0
1.4791039588464505,-0.41693224558276104,0
0.4281007147188423,-1.2523280342359826,0
-3.1392836921018645,1.7817275339820413,0
1.639931608478374,1.255056262489729,0
-0.2030982139032969,3.0079178555936776,0
1.365995432043434,0.3387702680432392,0
0.6363172223311541,-0.45241066155849446,0
2.972512238245471,-4.035432369728748,0
2.2844553349385026,-0.2955726379058119,0
-0.8808835487564027,2.196769238836822,0
-3.2012548673702588,2.153164807618578,0
-0.2059060504352848,2.9284814667121517,0
0.7446594428164692,2.5921042769344727,0
-3.9735150077782353,-0.9996471715933054,0
1.4899277225040402,0.6051517536982827,0
-1.39337425720395,2.7775614439471386,0
1.8313985828840247,0.668731084009343,0
0.3483486454481521,2.26861251026058,0
0.04686831897027723,2.72319966810462,0
-1.645547049374128,2.263058437730121,0
1.799422862716975,0.45307136632619766,0
-1.8368084490333012,2.841143952274261,0
1.8541765893455602,-0.282394069714833,0
-1.1189671644064372,2.6729602079161388,0
1.5814272106746816,1.8032577170072652,0
1.3256683123190824,0.4982405510460415,0
-0.0004814141427284363,2.6896749633965706,0
2.4568340513637152,0.4191079576898004,0
-3.7665230162775742,0.3609191882754122,0
5.406832393359301,-1.5645912064122645,0
2.767310219186457,-4.824790537710876,0
1.6595524825324997,-0.09762923293696128,0
0.4525429800567146,-1.080026912325826,0
-0.6947126945686539,2.5125229559035045,0
-1.8829076335374682,3.5538325973122173,0
1.4358585086731825,1.7749950795593201,0
1.672120645091554,-1.068083077403748,0
-0.4228567957601689,2.615469249070942,0
0.9162356010877875,-0.6366751861605118,0
-4.336185291803353,-0.2839953576249268,0
0.6700863127490336,2.5093575062102467,0
-0.658336409881951,1.8592771677215152,0
-2.4196120352787642,2.0642592849490984,0
-3.740445230994037,-1.0916430355894176,0
-1.613487328351623,3.6344742092922897,0
-3.1773088111164673,-2.5698956966541475,0
2.5676068630921134,-4.010173266873005,0
-0.9196071106933533,2.8161952928779876,0
-9.482688615297938,0.2683399982965958,0
1.0999523576981993,1.8196382711698653,0
2.056968453642094,1.3675523780635568,0
-2.927603998297208,1.3950583207562957,0
1.433062624507877,1.283558882502024,0
0.29846820749815184,-1.4396506775857574,0
-3.854856859541909,-2.8675306875063136,0
0.05701065793085373,2.303874456646523,0
-1.8668221445478215,2.2698992830413927,0
-2.552390705476285,1.896061211003644,0
2.36048075712258,0.9143459585279936,0
0.0219407375334627,1.9185034574086322,0
0.34138572602361816,2.672679577866531,0
-1.4890400274209947,1.3310315970273907,0
-0.2162786155806279,-5.399881171804503,0
5.118241724190679,-2.7608808375288603,0
0.9351640559599887,-0.4244690829898989,0
-0.6658871553170194,2.7499806256495334,0
0.8531808763281289,2.0589594811252447,0
-3.4618100688075732,-0.004604029338962273,0
-1.6689138284772023,-3.845999583878328,0
0.7001439083405129,2.4037909990566444,0
-2.079657751123562,1.9771636648047608,0
-0.7953037909195055,2.547668624972241,0
5.435816436344691,-2.8854786643139256,0
1.2205993362238514,2.353599085468357,0
-1.3360185773408595,1.5671398167721518,0
1.9588587631446268,-0.5064570402201277,0
-0.7591592307028282,3.0349208429883747,0
-1.3926307030217837,-4.360781075781681,0
-3.8173346650610016,-0.6338986408070293,0
-4.058862483628699,7.911475903307738,0
-2.5113517705886954,-5.108378032134364,0
-3.9324900997595584,0.8461710721786894,0
-4.000745543405242,0.20773622295143965,0
0.6508026709630621,2.1380243331666886,0
0.732939497053408,-1.3458681976406828,0
0.8063465947559151,-1.1049986538903036,0
1.1104185105148217,-0.345519567414444,0
1.6432848492199346,0.8710120171846953,0
-10.845691542855567,8.3134956474629,0
1.2594735356806666,0.6224090055748746,0
1.6634006745899441,1.0366381924809953,0
1.8948372418315955,0.8348087613171307,0
-3.798103553667442,-0.7744547595652655,0
0.2154070647082231,2.672305714912014,0
1.5573302062925987,0.7023912644594082,0
1.5078136920389351,-4.246593499007431,0
-3.752729221141865,-0.9510398557650114,0
-2.3724404224602678,1.4912722925320248,0
0.40236321666713143,-1.498216241273362,0
1.0823991109687614,2.7522104509292427,0
1.4750515862797682,1.02740161183586,0
0.9920853561631062,-0.7856757234547112,0
-2.5366485932249176,-3.2019606720459146,0
-3.453718697327399,-1.8705304630918016,0
-3.54399327900963,1.498895111908464,0
-2.0862345336789025,-4.5898473754987155,0
1.2794366718772106,0.8118870763389819,0
1.7165715168396738,1.8528425807401934,0
-0.8858724656203376,-4.1439369868376525,0
-4.182194809075228,1.2855991201792154,0
0.7242890333739996,-1.3727391908994453,0
-2.869942084646584,-1.1508638274866339,0
-3.6256906660622543,-0.4207047793299883,0
-3.253757216274889,1.068050076496971,0
-0.7790875236677559,3.398971866171764,0
-2.7421369796598487,-3.665785501464793,0
5.565631160108448,-2.5467737650829987,0
-6.796139307813972,2.317075932358995,0
-0.3312301322159334,2.9969879743488117,0
1.051572518804413,-0.959293726363291,0
-2.8625524861543723,-3.1946642906124545,0
-3.7391900582088025,1.0442357698613132,0
-4.048546310011473,0.4538848772025219,0
-0.4794125949952526,3.0542219480626596,0
1.5788426743801152,1.80505067256631,0
1.457748403755059,0.21131676984076966,0
-0.9953211280494021,2.6599722514226887,0
-0.35152798561553494,2.662174883588941,0
-2.87549029091442,-4.732675958856048,0
0.9003697469330241,-5.08934478443893,0
-1.7398763460439042,3.7192852247884067,0
0.6734255231368975,3.0704645638917403,0
1.516112905745559,0.9895337963487454,0
-0.0981718712102589,2.2204671511513574,0
-2.813516326532838,1.1576876034869013,0
-4.07138190925488,0.880530989820309,0
-4.246249895187031,-2.1915965090122245,0
-0.08792489941266751,1.984753943303846,0
-3.584066060699713,1.1875995170559939,0
-2.703104299442763,1.6601730585064505,0
-0.6123554328314178,6.844895912839966,0
-0.6331647136226892,2.388681100471454,0
1.4365715618262598,1.6378869409304837,0
-1.7726763486544572,2.926940158976766,0
-1.2579797772118637,3.0571263892997202,0
0.7796830220430074,2.030240014725402,0
1.1649090252938468,2.057736062357747,0
-1.5663722708764387,1.9677577666717105,0
0.5418622355013611,2.5882373581357037,0
0.45124725296219337,2.7587972936672234,0
0.8090444746153076,2.2969460699959945,0
-3.9245327263736938,-0.8126354443485302,0
0.1987062646543235,2.540169117534917,0
-2.7462009314026945,-3.4122442006082423,0
1.7366185652937154,0.5726128691888919,0
-1.4494686581033454,2.3655824130468077,0
1.711949661283679,-4.930577613356345,0
-1.9279525515847786,1.6653666716572681,0
-4.4531893375511595,-1.2202012113755913,0
-0.21978650233042868,2.8667492674179664,0
1.5709053044491608,-0.27275917560276935,0
2.262624867823151,-0.3521090712097016,0
-8.025571507952638,-3.980527988271181,0
1.6046998405276596,0.2890369633449498,0
0.7978056300170016,-1.051422331902423,0
-3.8174311514505566,1.1098059798776674,0
0.30763429684825544,2.2791894258381173,0
1.010335613421008,1.0605203989339738,0
1.3408817158070732,-0.9015634494894744,0
-4.047788014783408,0.03395154921520181,0
2.1637893732334637,-4.586839795736677,0
0.5897070416765288,-0.7271018328636693,0
-2.554427197233986,2.1976003030163427,0
1.7213697074699108,-0.140590021869845,0
-4.13906511396367,0.6122498536991415,0
-0.2689643501606946,-0.807601870041469,0
-3.6620718866095974,-2.918893132342117,0
1.4413164894890547,-0.586640425263668,0
-2.8050865921680566,1.5118435985419125,0
0.4355384952653955,6.896838073471874,0
1.4850490677513646,0.5289691529227449,0
0.7577353687887219,-1.3987250266757356,0
1.7955697074440147,1.1993135225332634,0
5.099747142889506,-3.6980534260673683,0
4.1558263421785835,-3.9186001173421707,0
-5.460862372822397,5.529920590821896,0
-2.1987552867966214,1.9784370573494534,0
-4.416218664568164,-0.08779612953040984,0
1.05270440071764,1.852180381201567,0
-8.698527138087153,0.4791889855063052,0
-1.8625546135755815,2.459908596504428,0
1.8713322471589522,1.1098681523180585,0
1.3934762365072415,1.5206236107821138,0
-3.8314119927082197,0.36381853108607487,0
-1.93481878450551,1.8868740987817965,0
-2.8413875193095266,-2.1138020441225778,0
-2.546157826560396,-3.9951886009499185,0
1.343725302631003,-4.6818319479295845,0
0.10256602604372804,2.4775119921591418,0
1.0140509589331712,1.8719858017103947,0
-3.041285871730342,-2.8552528411966573,0
-3.534223620830621,-3.268545142487062,0
1.477331943956935,-0.25810284100164127,0
2.1950895597331623,1.981441136476696,0
0.7468759383711332,2.5539574627344757,0
1.3954736234753964,1.687881933593298,0
-1.0520977153107882,2.290677701487549,0
-0.23279065271886804,2.7412754874647844,0
6.1470365920506245,-0.08550811103646547,0
6.136781071387551,3.1600400739680747,0
-0.08517407381310971,2.377378643192618,0
1.776259906507301,-0.0862091789231216,0
5.972859330923165,-0.8335647638527334,0
0.5972950543911234,1.771791146106392,0
0.31169100766288704,-0.5920310843165253,0
-3.8132591235643853,0.6049207844330399,0
6.352995301133284,0.6266418447747194,0
0.9056883373558869,2.043136652140672,0
2.039027485667252,-5.092193266190338,0
1.8856528815155278,-0.775752347137805,0
-0.06471714573185636,1.948452319176551,0
-3.989363226070621,-2.3436224297643333,0
-1.5528256129176412,1.501781564873107,0
1.585854162255125,1.5119178308778058,0
-2.5315128696837688,2.6885724830180595,0
-3.7735662193374235,0.9045025941584285,0
-2.0947815784763697,2.6807188603446543,0
-2.9646241397263102,1.4475341515023825,0
-3.7909059795502626,-1.04719709835084,0
-1.5703230226032605,2.4167107421867766,0
-1.8526610529463248,1.9774611069700219,0
5.78113470825204,-0.16282775580192263,0
-0.19410157390662236,-5.138065426961249,0
0.7723131169686879,-0.3837742567388085,0
-2.1667098782830787,1.7286222455047349,0
-0.015132462404231294,-0.5920612111999926,0
-2.456013770951241,1.6255376416700762,0
1.629911632710189,0.8266418781376268,0
-3.518732284838897,0.22660482263309925,0
-3.7069143798997297,-2.894871170730176,0
0.739249477375328,-0.8889032952036304,0
1.1493554424884234,0.7536011986801527,0
1.5226329084324828,-0.15225265878237634,0
-3.5135858975512693,0.1800620624925944,0
1.8891811270431014,1.2819037430966314,0
1.725818963601371,-0.5105552192260946,0
0.9666164162361754,1.6011156393474115,0
0.44373988462714503,2.1362675057257023,0
-2.675037614883242,-2.3980841553275365,0
0.30199336968904994,2.375867108993443,0
-4.792276014215055,-2.5014742607764093,0
2.2833722097994693,0.2489483395674095,0
-0.3330912652774023,2.5320968809049598,0
-3.607844898048973,-0.6135662776852,0
-0.2778310173797408,2.5004864667333324,0
-4.246366942409431,-2.1880912275960878,0
1.8877017979049486,0.5981805617632663,0
0.2672276446821568,1.5742101947854548,0
2.709064507699707,-4.6564126071345076,0
1.9408923420321804,1.6951385796060825,0
2.5641590446678983,-4.892521432762824,0
-2.655447297844346,-3.287623628891266,0
0.5856139053695508,-0.9646097908121649,0
-0.4750492570772468,2.5657959361989655,0
-4.119621623913705,-2.2282899333678032,0
-0.612066506120885,2.3458164906095473,0
-4.4578704360277985,-3.527836282700618,0
-2.5714741824480223,-4.262344872919184,0
9.519038174851374,-4.283455658654288,0
1.312452432593197,2.81021504437322,0
-2.3801019713953195,1.5356877428961206,0
1.0213355919471254,-0.1225774824088868,0
1.7205355120201995,-0.054309589969710984,0
2.5117801227740513,-4.877931447442763,0
-0.9632880501469859,-4.41312884490988,0
1.5441200798155483,0.5837547267619205,0
-3.279349759314134,1.0171042825599828,0
-3.3374173709326125,-1.714956232887786,0
-1.4170952533985355,2.8441021130593587,0
1.9349039422518512,-0.5231721247112078,0
-2.616011684240275,2.5443193531072774,0
5.973835201312186,2.1173792943324234,0
0.5247597122922713,2.315528732942191,0
-3.241960781333457,-0.14006656232649087,0
1.2004171133345645,7.111536599600838,0
-1.9170369906341973,-4.588477199430664,0
1.7750294573786998,-0.6397666521357804,0
-3.517995433686234,3.228489477971539,0
-3.759587131762536,7.867916817055923,0
6.134938318577391,-0.6106089592530981,0
-3.5392271729657137,-0.8301790802785988,0
1.034684723692773,2.1243849036029703,0
1.74028786201211,2.1643923489389034,0
-2.1858398387837537,2.3519554362464365,0
1.8194949176754365,0.5115221989755007,0
-2.4435156894185512,2.25149484995209,0
1.1959772829355604,1.3772677314566197,0
-0.9402994172024614,-4.223930200021491,0
1.4343349746263567,1.2112442226654578,0
-4.328543316143754,-0.2680927275061782,0
0.7640366394146948,2.1383913886130803,0
2.9880914972550108,-3.500030352940762,0
1.2906440872186637,2.1391126073811946,0
-1.8256600670164649,3.0333566791792475,0
-3.0662021703936233,-3.0367915840486455,0
-8.338877190650125,-2.691829332588229,0
1.390938408063948,0.4684833913492585,0
1.0027483387480824,1.3274493053501628,0
-0.9057122574931921,2.994211884714569,0
-3.0402801856451247,1.6877547618464979,0
-4.014379958025741,-0.26511715651428014,0
-4.227960564279472,1.2586047897696264,0
-1.6248660116778058,1.9599622672790113,0
1.0155985997331323,-0.8841233651674649,0
0.299611607752308,2.5819018813313077,0
-3.5369713232352282,0.9605766762670875,0
-1.0187678036291214,2.8405347838978265,0
0.9189752747769734,2.580798416487955,0
1.0712953456696892,-0.3363166016888948,0
0.9450717670868083,1.6639202674508442,0
-3.6392860947200263,0.2845066517180111,0
0.6768433782160176,2.60473863428833,0
0.9121834379765451,0.14721478678392713,0
1.59238807001688,-0.11623192540615648,0
2.0126373460764304,-0.24816262090713212,0
-0.4944872559149212,-4.445408665359768,0
2.106557306156756,0.7604219655419446,0
1.5349001851393034,0.19826993556455924,0
1.4660154463973456,-0.7283203746500219,0
-2.423097505312102,17.760556095782515,0
0.3679632899157161,1.66972027679533,0
-4.190148186375924,0.3451975692959404,0
1.615751834764901,-0.47447163263477216,0
0.2555835234188265,2.7545485627073805,0
1.586461108873047,2.3889935303146936,0
4.176061651407317,6.095357891189282,0
-0.9813766456325792,2.053951086411554,0
0.7887143764919397,2.800578075315228,0
-4.424426938743484,1.1586291361743233,0
-4.807496569038221,-0.16792704221822044,0
1.569559277224139,-0.030665901945366822,0
-4.150237951294719,-0.46101898126451973,0
-3.08264697796768,-3.273608094771647,0
0.5808368323332578,3.5174798578864532,0
-0.302746575578613,6.908479620426541,0
1.2464434788650407,-0.3201227469226772,0
-1.4902064551380005,3.0719477649620344,0
-4.143298207200663,-0.8266358562213236,0
-1.7478233809975714,3.7200729537321586,0
1.3317300046894622,-1.1180216066528519,0
1.3139031562737906,1.1099786660542512,0
-0.8898396724034455,2.2027876482648376,0
1.5853588634350766,1.412320913224554,0
0.21334326634488143,1.8354704467627923,0
1.3392736836142907,0.0881597696001461,0
-3.627841230707142,-2.947737685796031,0
-2.4089606235648375,1.7132966357805866,0
2.1522699158722944,1.8094374988769784,0
-1.7988083170375726,-5.87633321968216,0
0.9744940493988518,2.000909304582941,0
-1.2725059449577347,2.426700213150963,0
-4.130511231570627,-2.317083404873293,0
0.4863749435743223,-1.1779715964103823,0
2.0626978022450584,1.0496512173898562,0
1.6739166944211896,1.2218820689612189,0
2.2450716647579734,0.8145759150724721,0
-0.21530316584825326,1.4933203919438744,0
-0.35866170193902025,1.97482072650162,0
6.13817146318892,3.44142672404185,0
3.948054932723436,-4.18705183784376,0
-2.360258769522475,2.2348689377211977,0
-1.0359456592052307,-3.8816872965016396,0
-2.5551682887245164,2.62589111484713,0
-4.959674246611296,-1.2883630834961635,0
1.3643617495974212,0.5600225100938471,0
5.917384087640701,-0.6671968225269279,0
0.689658917432004,2.583760073260179,0
3.5227223588506713,-4.30628412133902,0
1.7435574781666139,1.0247421402205084,0
-3.3912277983673693,1.983756926538957,0
1.9570713243677016,0.7295743064276492,0
-3.0712799624126816,1.6943953028057122,0
-3.8632056655494416,0.9663175881441364,0
-0.7461298107155273,-4.270921781115825,0
1.4092287585007939,1.2830516439021715,0
2.0292562122035274,0.38214573151400233,0
6.22946315413907,-2.0849932337895347,0
1.1517097063314785,2.3368387513370354,0
-1.4253829155838453,3.4062566510339756,0
-1.2705486503389776,3.452970519676056,0
1.7322770425096732,0.6156634257666009,0
-3.376395656428289,-0.08094996345868437,0
1.3847664844369985,0.7091622403439096,0
-2.7959869856956914,2.4228315529274456,0
-3.6905088764139404,-0.4187830128064658,0
2.222555431343318,8.439158727610662,0
-4.025852130558503,-0.9453559083665078,0
6.4108191329073545,-1.6854849863017802,0
1.1254400148086101,1.847397960290768,0
-4.260975556096787,-0.22006358135285597,0
-3.8551329630884013,1.0646447475834142,0
1.0946228300810672,1.7510728135650007,0
-3.5376168461066406,-1.7290353701699066,0
-4.282511052280607,-2.481959405299873,0
-1.6899374824221702,2.095685288894883,0
-0.055404891643664515,2.395895106884663,0
-3.8855815892205183,0.8185153889719676,0
0.664602903070205,2.3976043086662364,0
0.45957046846363225,2.4889566740038274,0
-3.5910777824612654,-0.7321855119079735,0
-4.421401984724986,-0.8720330316793767,0
-1.3190052640708598,-5.230589146545963,0
-3.9768156649726363,-1.89637123149541,0
0.4197126264905153,1.906877648877811,0
1.8268814809577498,1.647533523676536,0
-3.236778587801666,0.9016118400874062,0
-2.616361066417389,1.608371785179361,0
1.3061381574965143,2.1426971239356356,0
2.3651880287593334,-0.1855840191920196,0
1.7005457246477877,1.234437227609148,0
-3.7229475888969747,0.8831870237383063,0
-2.9973143757143914,-1.7561108202094924,0
-3.3189923806301835,2.0266744356435766,0
-7.950193301543716,4.17699747905561,0
-3.549969277235159,-1.7642922090432736,0
0.27496570767305484,2.072316175358582,0
2.254763472120031,-0.7479183545107981,0
-0.0675662856254226,2.4006096433803634,0
-2.0537846191029843,2.2720510431763583,0
-2.843325991068089,0.6122603778319778,0
1.4573869511756823,-0.5988549589611581,0
1.3023722507022717,2.203723363169776,0
-4.156651782865125,-1.6029238258091838,0
1.5222512910955723,-0.9374638082001772,0
0.17950847802333922,1.8264387099204455,0
-1.5665782903512582,2.2022232295147366,0
-3.564030025615182,1.1324824193215002,0
-1.3198526096718002,7.00837554984265,0
1.2693703105015877,-0.2686044826928207,0
1.9278723788122134,-5.900692985399532,0
-2.6513835461625757,0.7815568169154429,0
-3.8451628472105686,0.5872592579596985,0
-3.169527631113742,1.6454167171516945,0
-2.277647943420145,2.038351878821144,0
-2.968628509353468,-2.5961802909102207,0
-1.7274315322522669,3.028099942768337,0
-3.1217615528128575,-2.4142597636380083,0
0.3369020506005771,2.67285903536752,0
1.9888885851276177,0.8710273421283556,0
-3.068312916842241,1.1518061383610583,0
2.5489056331774997,0.6119809915963049,0
6.819649646007632,2.881223343202089,0
5.920382742453772,-0.4576569874819091,0
-0.343465406392044,-4.5301688890974035,0
1.1351208968461903,-4.4642147498837765,0
1.7550357625800466,1.0040333006419273,0
-4.070157554936541,-0.7150430693035074,0
2.21281591165489,-0.04005503304974564,0
1.4768085177459036,0.14277659890483616,0
-2.0103667797749036,3.4677976069647807,0
-0.2513560466800277,2.8610519851869824,0
0.2980121580758575,3.5309473466666175,0
-1.3254297622881914,2.451760522715125,0
1.4208422366851898,1.9797780222993528,0
1.672478930024854,0.803346178752569,0
-0.41996725505196664,2.5648430163616034,0
2.108163076362218,-4.011908214773365,0
1.8028489997451538,-1.6506979965727515,0
1.7275503219561699,1.3852928623069658,0
0.9140771329116061,0.042675689570762475,0
-0.903207158127445,2.864989942386215,0
1.4452899526055323,1.2476418871513826,0
0.1658063218671697,2.8000608767308033,0
-0.38265741401907316,2.081396810401632,0
0.08692788776023037,2.687902016634136,0
2.039861531299403,1.7002583367809356,0
1.1892483823543956,2.0572195384382788,0
-2.283063388217806,2.0710953242177763,0
-3.120483610587982,1.2300934092134548,0
1.3119240015133575,1.1491906806092396,0
2.524981619200548,-5.323121370412845,0
-3.1892041587146465,2.6689079827712137,0
0.5375533417582089,2.0838555760747903,0
1.413471953306026,-0.0043715103932260736,0
0.2826786062982364,1.7181728288637248,0
-4.049337833971258,-3.716323429538398,0
-1.841089105387376,-4.550750146891594,0
-0.011885561917029594,2.828513333146748,0
-0.2137002674705915,2.0247300576568152,0
1.427446101000209,2.9749848036526987,0
-0.9056499155776244,2.4611783842475408,0
-3.8171706164193338,0.7816952340488003,0
4.344496425579173,-1.020263888431495,1
-0.477128828208977,-4.155733633270281,1
5.950337712232461,0.19102596090972182,1
-2.1429332582808245,0.5490727097472659,1
0.06986506273745882,1.5804295191471482,1
-2.666934725765475,-1.1218718035299715,1
-2.226160390303611,-1.1510206035120385,1
5.2728411175616285,0.22023167067849664,1
-1.7735511536362936,0.9394602883375396,1
-2.8300500389860233,-1.0895373224494123,1
0.11198333235317763,-2.7514538537975484,1
-2.086298394167711,-1.9222875944793363,1
-1.5682299328199243,1.4543734748777744,1
-2.114828765930854,-1.4806676473201759,1
-1.4229006536574473,1.159008957909709,1
-6.276764990479713,-0.20590930276296637,1
-2.593466376993306,-1.4837737181860688,1
1.740042311906369,-2.7363124263914127,1
-1.1449994974690476,-2.2280274005393155,1
-0.3265578896573528,1.98934032992847,1
4.235256223699912,-1.0707237484636947,1
3.980782901720937,-0.27365381508777087,1
-0.6782429488407016,1.111174967500999,1
1.282634685994553,-3.2925270001508293,1
0.21061799714016335,-3.690704325020802,1
3.6043626900445394,-2.4581078646984813,1
-0.6112415311914351,-3.4197713555687366,1
-1.923235443801628,-1.3143546339408685,1
-0.781133798151043,2.013109302062132,1
3.590659516530082,3.546571196814138,1
5.1205276313713,-0.39579233057902247,1
-0.516440919090331,1.1061151332135424,1
-2.56453884323409,-0.9624267461468495,1
-1.732493212053552,0.2902364990167272,1
-1.7508876617712914,6.032969749405933,1
-3.9399886129737123,-12.749965368702169,1
0.5209781986036692,0.8931051861574257,1
-2.097708939463913,-0.9047138654395472,1
-0.08789812285427274,1.3360438966487418,1
5.1018019041459395,1.2455301650867812,1
-2.157795047935768,-0.33715274084500113,1
-0.8498812268976199,1.7215974037680706,1
-2.0911884451099807,-0.6385210745048392,1
-1.7382851970536846,-1.1120877905302557,1
2.801474870226852,4.526604161215352,1
-1.4340660684494488,-3.0944775288360162,1
-3.117754058738341,0.07639729108814089,1
-2.8020072575047283,-0.37052912811044714,1
-1.9284600463026478,-2.1146911076240507,1
-0.6818370368507493,1.4029432295201623,1
-1.3673383340396317,-1.7990695566504902,1
0.025362694580401385,-2.8777152872976486,1
-1.9467058125949657,-0.6258802025917154,1
2.2770320812541516,-2.2437497376378968,1
-0.6184052828836702,-3.8129540408698688,1
4.83554881055849,-0.9992882642202716,1
-2.2080971644241933,-1.7565789701332817,1
2.152497077295415,4.571158601963176,1
-0.5281038296991243,1.4633845884766659,1
-2.5362956609466556,1.1110986378529073,1
5.027228959222923,-0.8115336403906567,1
-2.49709860153754,-1.0275227155481095,1
-1.7683566256061927,0.7899361454239875,1
-0.03040621270978142,1.9590695385696444,1
-1.4339630145993476,0.5859225898151098,1
-2.0607183008578596,0.9250188154310899,1
-2.751324055954602,-0.2734464184917538,1
-1.3651445924943866,0.22605287814082883,1
-0.3310334383082223,1.4075832796678687,1
0.1303875112049782,-4.013335218874997,1
2.347108060143524,-2.656804526230171,1
4.827015545253501,-0.6345499757084392,1
0.4722210420466754,-3.398384223308612,1
1.7988398635082172,-4.125802996643943,1
4.276854591953885,2.8803215874613044,1
2.922570650924394,4.218792256468926,1
-0.8648525994898573,-3.2525105697209398,1
0.20823932048685403,1.134771597132642,1
-0.0008658338241583879,1.2407010592350207,1
-0.8164406643568631,1.1009412371350806,1
-1.6816292966344966,-2.1820384763030902,1
-1.4547370849937322,-0.7619651884944344,1
-1.9124633261652617,-2.219720965015783,1
-0.8776581335091094,-2.4310667787525286,1
3.329722728607517,-1.8410330212339656,1
0.32019244787298934,1.7084514640659112,1
3.2978111080157517,4.4105345509061715,1
-0.9026563721694876,1.1792379513668054,1
2.5380033895206626,4.885592500032704,1
-1.7154025654222584,-2.8147782094652554,1
4.013605904857997,2.891525085622876,1
-2.4180396124016403,-1.208463613577085,1
-2.3234762032447542,-0.26025616339045893,1
-1.6560447602325485,1.9645756926110498,1
-1.7388921279541159,-2.4600827106078373,1
-2.421861994353468,0.5513160574089494,1
-1.5393468676113817,-1.94134651423994,1
-2.2232319143710075,-0.7406818609434702,1
-2.862774385001862,-1.8597796533583535,1
3.498456523503086,-2.608683458673083,1
-2.846057412583139,-0.256024658214007,1
-1.8529893562052733,-1.429429202231681,1
-1.6626282148974068,-2.2797517317447515,1
4.434296617051256,0.5730107977631822,1
-1.5007532601669098,1.1565915303950793,1
-0.36628948876768636,-3.2882872565456163,1
4.443562421363459,-1.6897653889949973,1
-1.6032479447343482,0.13244813659023025,1
-2.0031033689998186,-1.844197575923701,1
3.4762529076231146,-1.6341499703839506,1
3.839178623648728,2.249208833430892,1
3.3678905457484443,3.558702617922979,1
-0.9380433937574122,-3.0486852442775194,1
-1.7871558237632676,-2.5563410493429273,1
-1.736323555805504,-1.4625033688892126,1
-1.393568727205116,-2.6354748440590727,1
-1.6901623834129438,1.1238895813442606,1
-2.4025697725402524,0.41951343365322036,1
0.22656297702865805,1.0511633512349385,1
0.34060390821700876,0.7621023090215971,1
-1.9149218753195356,-1.848260130306744,1
-0.06326884190831945,1.5131684410979567,1
-0.020885183633601524,2.355043402570064,1
-0.16100044927008642,-2.6990889934135747,1
-5.366414315258911,-4.924601066665402,1
-3.392510499618966,5.4676669674757745,1
-1.9805601207169226,0.8110064926161514,1
-1.160682718734907,0.8878753400042461,1
3.048259786059917,-2.3991442379600367,1
-0.5694171306143021,1.224617875572144,1
-1.6535198407148508,-2.198350249399396,1
-2.1985599374603657,-2.6786903909028816,1
-0.840152564642347,0.9442156583347787,1
-2.2575562523706463,-2.3522233792668605,1
-3.0775081500937302,-2.413997673390168,1
-2.7269523392997543,-0.45204899370547724,1
-0.5033050899879025,-2.256274514953387,1
-0.3327753363187867,0.8616612426240234,1
4.313251773723028,-1.0430341238189442,1
-2.65958785435737,-2.0054157665030536,1
-1.83151869417999,-0.037145706539091,1
-0.8374017490113473,1.956225331771075,1
4.266152456458238,1.1338243564507642,1
-0.13406915516156118,-3.7932918105454654,1
-2.080420304360016,0.2406358307931037,1
-0.1453002582493031,0.7014155327786078,1
-2.1987708547611886,-1.508932685863277,1
1.154197324806579,-3.1254641778003194,1
2.9635785362525646,-3.0748660542228525,1
2.562699662792304,-3.5158104852582786,1
1.2772534842782122,5.1106836568068434,1
-2.154235227107533,-1.1325309802285135,1
0.0006170275549880245,1.35680767357294,1
-1.8374394117429944,0.15109779532748246,1
-1.103371374771675,-3.4475579583258567,1
-1.3155682627475112,0.5940590442064376,1
2.4534208095893972,-3.0643275644904264,1
-1.06998507728388,-3.4050267611562055,1
4.221878952713103,2.008980312400185,1
0.7893453557517388,-3.617643239735054,1
-0.22892562230698235,-2.9319265620282113,1
-2.3304651565445758,0.1541049248732999,1
1.5914445067557956,-3.558229653562051,1
-1.632760077779572,1.7273636686150045,1
0.4277127396077542,-3.1307399553001143,1
-2.1092941789655755,-0.07561207642751616,1
3.80781570003827,-0.23821573192204532,1
-1.459268816404996,-3.224472943223344,1
-2.0275820296124687,1.1175960512646843,1
4.09828137322496,2.9125546771323494,1
-1.466763448471364,0.8414672840137523,1
-1.208916045139226,-3.2492350321299663,1
3.3748831391168093,-1.9225247794430667,1
3.331674752914031,-1.7878225405616168,1
-0.6266947529229546,1.9185406425048936,1
-2.7116515532549585,-0.3385462271283988,1
-2.5179077608101124,0.18129839686080917,1
-2.650514376959559,-0.5859183658180139,1
-0.11330657585467253,1.3701228632456768,1
-1.8526393241276922,0.12157259975757542,1
2.16540565700302,-2.9197656551666373,1
1.9113474002929889,-8.788147589707354,1
-1.6007676340527395,0.5580110725821462,1
-1.6484321095034622,-2.1250586370219,1
-3.0145582311994157,-0.438772439455191,1
-3.378039009064767,-1.9161742254448106,1
-2.287293556411429,-1.2635156898310864,1
-0.259076338488178,1.7061090597681083,1
-1.7214686260722807,-0.16333514522410802,1
2.564564401027027,-3.477880121346893,1
2.264185988810801,4.911549651506978,1
-0.9471990748475893,1.0393583086380083,1
-0.5172465190679655,6.4913844472083,1
4.451223436569845,-0.21083122271720878,1
2.4829125506535186,-2.015063489302767,1
-1.670527892758473,-1.7809535312602043,1
0.12427658119301256,-3.923961555399391,1
-2.7689302974879326,-1.7138264936927714,1
-2.239920135828528,-1.0813519057833525,1
-1.7848784413529344,-4.037922630684998,1
-0.10106264106517697,2.0170322217930696,1
-0.33428243750152103,-2.843654337367346,1
1.8395055121638435,5.852466645187311,1
-2.7678187943630537,1.0379724111736006,1
-7.3416965757228585,-2.5706032906159133,1
-0.1380937451639358,-3.4257602739457607,1
2.6090293930874022,-3.2683491460249976,1
0.6801950932551701,2.623715892611244,1
1.4450724851324457,-3.4893308870452997,1
-2.610013903176001,0.08035962182746266,1
-0.4882788412957968,1.2754087607443814,1
-0.695455115662581,-2.5779096596056266,1
-2.239838733637008,1.2491537112054503,1
-1.3060312700412358,-0.6017884319655712,1
-1.6397812350172036,-1.6412874960690775,1
1.435002891250234,5.461018514480919,1
-0.5862768625655213,-3.1577381916250493,1
3.709340868413186,-2.441389796410201,1
-1.3332387605140767,-3.224160361324758,1
1.3918232495543439,-3.1054887097393307,1
0.25137092804693095,1.167195271483896,1
4.409302639666507,0.4621222883648604,1
2.644263575936498,-3.461934994287359,1
-1.8451918683854454,-2.9152569243009343,1
0.05049925523259115,5.271489202751984,1
3.218323144251087,-2.147049773105635,1
2.5114743556447947,6.091012625674979,1
4.488591235583179,0.034301571267043654,1
-2.1377940639681277,-0.2723362176340339,1
1.1587921841120725,-3.2569031582372876,1
0.11046982061982705,-3.6039142556238395,1
-2.3965983783870617,1.0153063831806044,1
1.4715626125767984,6.4898962958989905,1
-2.176174832608652,-0.47369981519387855,1
-2.350913850880674,-1.6118455700145427,1
2.340360552141453,-3.4156527919331143,1
0.5821501244894153,1.138673355496542,1
-5.526535897000177,3.6791494111962675,1
0.28415564732111204,-3.4672081887442663,1
-0.9678612467437321,-2.4561169137328127,1
2.3419085317316592,5.970582599926396,1
-2.4603659235113344,-0.9975178895764147,1
3.0719308472458287,-2.1634061321789937,1
-2.5335579519930587,-0.5728295090727477,1
0.8452315987846811,-3.3482871430668517,1
-6.02299542176857,3.424200399493961,1
0.24659542370951856,0.9480974870723109,1
0.5497926143540742,0.7518576758599677,1
-7.172718094412702,-3.0725018706085883,1
-1.7184027019250556,-0.32374155613053607,1
-1.9302305735895193,-1.384303040143963,1
0.6484965561172843,-3.2251709676145395,1
-2.959473238335945,1.4405569580203623,1
-1.682070064174209,-0.6917072373267158,1
3.1674854528739638,4.495965640831461,1
-0.2701498593795765,1.6029634851494328,1
0.16351190773983001,1.3489232308713357,1
-1.1920388038646716,1.0249940026411097,1
4.580879218011209,2.3344791375093217,1
-2.215549245492523,0.6537900257818593,1
3.9784329316956404,3.3246264574640154,1
0.055215186334933455,-3.0430391797330896,1
-0.80173123520115,2.2622750527763027,1
-1.600868144671946,1.1578923756189827,1
4.763065162623449,1.7223066451905626,1
3.6614236249888688,2.456598068679097,1
-1.6063241826332586,2.464659124782573,1
-2.1583236839676676,-1.6590597457693126,1
-1.4400166517906252,-3.3709752119259266,1
0.14788047716465008,1.0378733217418867,1
0.34671346502403105,1.279181093701081,1
-1.230714180602326,1.1316150569365564,1
3.9167076630551243,-2.66287292787323,1
-0.8654090948858335,-2.2765859944935616,1
-1.5277221153749063,1.4710032079864843,1
-2.298324489329349,1.0881464581221447,1
-1.9834969021655453,-0.22479009650582538,1
-1.6973207848268763,1.362173114603181,1
-0.40314373009969445,-2.3566066765883646,1
3.209703491620188,-1.1512568380126509,1
-1.3657354767153937,-2.60337036152886,1
-2.053932560066743,-1.748512793078512,1
4.569132057944599,1.10374978312149,1
0.7405511149445839,-2.8136913107804786,1
-1.7622499169518078,-0.736141346091639,1
-2.383805553478633,-0.5758619481663478,1
3.532732075433577,-1.9507841489536508,1
0.8706759933762143,5.11761119019127,1
-2.2725618332649753,-1.597765618006214,1
3.4424767948954766,3.475928939398455,1
-2.274209261790918,-0.03855074773466236,1
-1.8655068312575918,0.13311983950564193,1
-2.9840675398740735,-2.3655784187588824,1
-6.66271634271197,2.6178635715690386,1
3.9651662751059833,0.8274900467284807,1
1.2485915322172296,5.673842290153121,1
4.424504559026405,2.232493902593516,1
-0.8246389310565818,-3.1432964435239734,1
-7.336905143750988,-0.07649981269215202,1
4.170567538774739,-1.6883881067751083,1
-2.1067141949539328,-0.37589100307460704,1
-2.6101986365119836,-0.09220032772859107,1
-0.3322119198856784,-3.3782814485471038,1
-3.194029959869396,-0.3978033015274994,1
-1.5880495666012817,-2.367557061765574,1
-0.5209092084476423,-3.6302801701793386,1
1.6516210235332145,5.054098805879394,1
1.800409967577417,-4.175722509323531,1
-1.4031354038885149,2.01450299075575,1
-2.6027469767890907,-1.1467198420055456,1
3.6836210709141888,-1.7762054242026668,1
3.774863886464844,3.35732230087943,1
-2.6826350396574146,-2.7902662148051167,1
-2.2454365059914614,-0.3687510719358782,1
0.6167532537953491,1.5606977725529738,1
1.2335330680057186,0.7402265022034938,1
-2.0680751911340964,0.03345888025524532,1
-0.01360164862877298,-3.5513272629686816,1
-1.852257453943165,-0.05429093215377458,1
-0.5780167097972986,1.1961928476909278,1
-2.171530727965517,0.3707304047887298,1
-0.5209090696673925,1.0951013002193482,1
4.504570928698376,-0.14498081792120643,1
12.027971332044523,-7.898785823647892,1
-0.16766938642195167,-3.342038415207851,1
-2.0983561709146734,-1.3856346316519892,1
1.2137299010107203,-3.3788293211242517,1
-2.466369875599662,0.7763856335556666,1
0.6503762379379698,0.6039429951380012,1
-1.348101608442066,-3.23876226526495,1
4.195303852109457,-0.10369704634232592,1
-0.22297249058024,-3.081883280404598,1
-1.0824676406252087,-3.1718760360681246,1
-0.8370998804432903,-3.7196818372874363,1
5.171529375054988,0.46274618599836087,1
-8.557046099174007,7.383602825383563,1
-1.2466052905241263,0.9210602224760867,1
-1.3060676155884843,-2.9382632141562515,1
0.7655653326411503,-3.0310167374694084,1
-0.8024480422572376,1.6067030400634117,1
-1.274309070988925,-2.674136307434396,1
1.6627669880465676,-4.998033321580462,1
3.8216433482984966,-1.2153938806690023,1
5.031650216606141,0.5256275983012703,1
-2.402360209760971,0.5191041789715505,1
-2.791131456900125,-0.36553548265061736,1
-1.2152957055039255,1.4508152759062813,1
4.469970444604856,1.9585809361417679,1
1.0213778756372747,-3.3591312902307435,1
-1.9284288651176504,1.829146937946932,1
2.3902395850145948,-2.8091277095617473,1
2.451423130780506,-3.7087849149217815,1
-3.281815451740776,-0.734466777329845,1
-1.906225368733605,1.3415150893640062,1
-1.3306248641127147,0.8325924415546809,1
0.6662121594888621,0.7348445970854519,1
-1.2429643998601418,1.1232217516888126,1
-7.386521431669228,1.9320150371203881,1
-2.3147032206734672,-1.0526930597160657,1
4.451717801451513,-0.8308010964866288,1
-0.7661967044385333,1.355236859699093,1
-2.960818887686998,-2.2481951735101027,1
-1.2870742040491765,0.12421349633786827,1
0.3943496370162305,1.6516309702098824,1
-2.3634082110264987,0.6568600583485609,1
-0.5419342561772653,1.8775425334070406,1
-0.472186396873754,-3.501101662374596,1
-1.4335668957671353,1.7961919000143516,1
-1.5005360440681024,-2.7088104965727284,1
-0.9952467984124661,1.696793799296755,1
2.2541251159381455,-3.335133888969168,1
-1.5752894148500745,0.35649033388966617,1
-2.6646496605958316,4.826560531021536,1
-2.3881851099568525,-7.757321100446417,1
0.16541057557579786,1.7761562980419516,1
3.3825797981234214,4.293053359433211,1
-0.9540724386089248,-2.7484195264962783,1
1.1576317811321544,5.691133333245756,1
-0.4080189362558731,2.041576674255762,1
-2.3307886153512993,-1.6109061171964534,1
1.8015594694601362,-2.236225544328931,1
-2.1978930403930854,-0.058548549004631745,1
0.6779352198140184,1.1800018440757387,1
-0.6890254322426105,1.627467315594599,1
-0.4254285960402239,1.3923017079554953,1
1.0575108312807238,-2.832328000938379,1
-1.6441973136609191,-3.4991039677014486,1
0.22389686646819454,0.7592386215937571,1
-2.3109190307841123,-0.5903438227312916,1
-2.2206556295405164,-1.9534999581598618,1
4.583002734559359,1.6983836398978476,1
-2.67014425069336,0.02925052133386404,1
3.9540466845673934,-1.8124314693279842,1
-2.001972894987348,-1.7790847754896235,1
-0.39444712092601425,-3.7342276744942007,1
4.020139001113291,-8.21797459271575,1
-7.352139632101855,-0.09941732132616664,1
-1.8794570244431068,0.6532469604541655,1
2.661187725441502,-4.252232799757017,1
-1.3372515818055901,1.9893041150312034,1
3.788434170186403,4.378476594662247,1
-4.61892464327285,-7.250497910760725,1
-0.9157364475451614,-2.1382965471653637,1
-0.6035968652074698,-2.8653681868880736,1
-1.4677113959852344,1.3007228975329228,1
0.5747664513251158,-2.977908867318696,1
0.0819468545784678,1.336193411378413,1
-2.3889153485662202,0.6307882083876875,1
-5.1784025448641495,4.067624681609045,1
-2.4081863988878256,-1.7632442263651478,1
-2.290048975366459,-1.1379557358062067,1
-0.7673364275829163,-2.785894293451619,1
3.7532987085493974,0.9518898200531098,1
-3.2351134260773375,-2.4049122092095905,1
-1.7575489455766153,1.1951782931391914,1
-0.3697358185213314,-9.222291443069373,1
-1.083626070980415,-1.8424308947011832,1
4.872315244393324,2.021443282770053,1
2.8181718374753038,-3.9792398718479687,1
-2.82876837548396,-0.08086251285155852,1
4.4291067049734165,3.463657359281315,1
-1.3306282399127576,1.0024307897496019,1
-6.058570477362513,2.652317954798114,1
-1.0373885897060797,-1.9151370777136842,1
2.0103091840754863,-3.7114037373876947,1
-2.7087918867104577,-2.5743555333194807,1
1.455161699743707,-2.712655431685979,1
-2.334617266527328,-1.7075949053311597,1
-1.737747140022384,-2.507897890575309,1
-2.2595606913279638,-2.398544089241807,1
5.647169422282295,-0.07337829243216465,1
-1.8055323817683528,1.367425215477746,1
4.165641182211411,0.2741467571781156,1
3.3351268765667084,4.347837023054609,1
-1.6871837642971974,0.3228864682498864,1
-0.8217778905483601,-3.373002461363112,1
-2.9367590889899056,5.371040181963575,1
-2.7071876562796424,0.04397947250660429,1
-0.9938211710636639,1.9477236871031807,1
-1.5625595281782907,-2.0118023560868807,1
1.4301953479455403,-3.1077872600321768,1
4.306285217141217,-2.6614313297267644,1
-5.319847537888162,3.2884173276270143,1
1.0470498075779584,-2.946318507461765,1
4.622478960139323,0.8503290962276634,1
-1.0919239275001296,1.3800226357438201,1
-1.7831261459774015,6.121471564714474,1
0.2148013386179063,1.5421310248097762,1
-12.666882007207398,-3.3731762263651084,1
-1.0915999609670322,-3.138567997712273,1
4.461162238398908,-1.088128114069739,1
4.413315923958605,3.4865511038187753,1
3.0929968655968905,-3.4327567053781762,1
-1.7458687297802844,-0.5508310564190901,1
-1.6411740840719105,-2.6580693123236236,1
5.430332025244281,0.7543041085609005,1
-0.36475368591363566,-2.4889808985771404,1
4.15110331290048,1.083643570748285,1
-1.7547863116245734,-0.6761619014348275,1
1.9467639502232839,-3.1754264902648828,1
-1.0624109225306546,-1.5631887829086863,1
2.8593892577514324,-3.2257013030128796,1
-2.5739899149865813,-0.30426639973697356,1
0.7221344393784281,0.9888545411975708,1
-2.18740416280839,-0.715798788390928,1
0.722501123124444,-3.832033247436544,1
-0.4891779027560411,-2.907735744297721,1
-1.6681434360220266,1.7281256206084203,1
0.2855765754817275,-4.223025749916304,1
3.5769558005717697,4.271592563933209,1
-1.5600495212833347,1.5805971870615814,1
1.0025516366365104,-3.0741139954411443,1
0.39290700452702154,-3.708498610430093,1
0.008490377795300685,-4.151630853185537,1
4.716534223819965,1.418235291385193,1
-1.5264592237505887,0.6160967774964327,1
0.006935148807400487,1.8161645560579094,1
-2.3258523024090954,-2.3313971260993096,1
-2.6034515099321642,-0.019033193910029816,1
0.6067176876079372,-4.0109219362915995,1
-1.3879018026853556,1.0950516140946405,1
-4.224324956851981,4.384874297075903,1
-0.06814609430284967,-2.835765709672761,1
-1.8569338103960287,-0.770643384610644,1
-1.690918815513773,-1.6484654279831292,1
-2.24761579827054,-1.4393926222580982,1
3.7569804373915296,-1.5391079919682515,1
0.7755851280453343,-2.620329649388762,1
3.0471523002270233,-1.7385957287887932,1
-1.5412590134386064,0.6083083422741881,1
-2.8657550261363083,0.7770461988947487,1
-2.4282179687287075,-1.0079896656695488,1
0.7264537376822238,-3.4975121757918983,1
-1.5074465746631882,-3.3192130814703744,1
-2.026515697605655,-1.2154684198747703,1
-1.4839125345027935,-3.2153890084810874,1
-0.7526256863025069,-2.672119399299044,1
-2.027573412289276,-3.5587429529495402,1
4.598836855427843,0.6909591469262025,1
-0.9512700631546774,1.2483153966322282,1
3.3383815185103223,3.1679089208466866,2
3.1980203952262705,-0.8859029490281639,2
1.6509500441567369,-1.8460985113151238,2
1.7607200591907022,-0.8742960839136731,2
2.499768842900972,1.8633325683680146,2
-3.6461069916395714,2.9410286087103836,2
2.840053297738375,-0.28121942830590857,2
2.9766481355333525,2.599625308111984,2
-0.20988277406433076,-2.0009783751423416,2
1.4276522761901491,3.14769228138764,2
-1.030055305682484,-0.606131418580021,2
1.899801520048507,-1.8945213339500617,2
2.4324876099799457,-1.2462128599197104,2
-1.3313199314544666,-1.3926075360697516,2
3.5940281770435925,0.8407290511157036,2
9.375045597164437,-7.2653837485906365,2
-2.9216229480121108,4.140518150546483,2
3.082708695440336,-0.06827030418865468,2
2.4714142684338265,3.165319339759162,2
-0.9924897080403442,-2.281289527586079,2
-5.74953291483294,-0.9760059574006635,2
1.9705505940708496,-0.16011767246234593,2
3.137381450659106,1.5647207505658296,2
-0.9271188397369157,-1.1315757315798582,2
-2.703839811355709,4.613138795480906,2
2.99791809543788,-0.07022298025384899,2
-3.578794109911939,3.362472651933434,2
-8.293555384195047,-7.626255373136085,2
2.493107556835283,-1.119954113468489,2
3.391710771761268,-0.014006619190900607,2
2.2586081313892303,-0.7244830040803548,2
1.1283963288860905,-2.246681870947524,2
2.108438180833431,-1.6331851836634517,2
-1.2443988091473766,-0.2040204116863959,2
-3.084785975448586,-5.147452853727357,2
-3.349754194837664,2.4177836488025646,2
1.0404808473771974,-2.194197122223929,2
3.0134543630869928,-0.006176179047837192,2
-0.5780077100564402,-1.0708822235525703,2
-0.5401529575553136,-1.0255550942356642,2
1.1220140352464152,-1.8794886175591854,2
0.818066647604142,3.95201762914519,2
1.5821060865525969,-1.9803062715815283,2
1.4171607687814085,-2.0763447106408837,2
1.7952833091822449,-1.129682964952117,2
1.4963100607183002,-1.9372206818997786,2
-1.7808426671355624,-1.8973107464066334,2
0.34438652752169363,-2.1136620132131414,2
-0.1404695339443788,-1.4653255003254677,2
-0.7944875444279573,-1.1086061011361943,2
-1.2000894536934499,-1.1965587343110564,2
-4.715874619111182,-4.197005818530936,2
-0.7827054603392691,-0.24625175243291356,2
-4.403498647711336,2.3634186958311107,2
-5.578626076099696,-3.7152259523420987,2
-0.934099259929955,-0.1873949303028297,2
1.4029609045468066,-1.191755334246805,2
13.6342971635063,-0.15835152280032394,2
2.0103135174773468,-1.4715323061116177,2
2.305074992583719,-0.16020067561219176,2
-4.775426989894602,1.011881538260674,2
2.356817886378971,0.3308836514616399,2
-5.812935944078537,-1.7904092947333339,2
-0.7421425359179689,-1.1635464426067244,2
2.301493895200464,2.4097890734901988,2
3.013603755416254,-0.3363825720411044,2
0.7321863566166127,4.070396292126757,2
-1.3646208835944487,-1.197049455978451,2
1.3455891128032351,2.222111308755971,2
-0.2601762356910168,-1.833278102316856,2
0.6818725702200817,-2.0217840440499226,2
1.9050247950727288,3.7578416076202004,2
0.28707721789277396,-1.4402567914798468,2
2.4977087188179854,-0.9276386644066976,2
-3.6198371878373274,2.816138339609607,2
-0.9456291279752921,0.7142286422923405,2
-0.21074244471386058,3.281065513157276,2
3.7115492211867323,1.4707452804214622,2
-0.6960536397581526,-0.1443610212397284,2
-0.09794326331731121,3.4404442891374845,2
-0.6125036191043862,4.324641164253583,2
2.782054366811149,-0.34903156062830065,2
0.7298854682958038,-1.190586606485574,2
-0.7941517836294617,-0.8183306069386985,2
2.61046969817406,-0.27847898468603716,2
-0.08152631494300208,-2.2691450316500514,2
0.15013473566701035,-1.2633611483878149,2
-0.041679881346371496,-1.5740208001189222,2
2.8219173771228787,0.5355810045463145,2
2.59987360948429,0.6385440130364153,2
0.8864152065252144,4.28703652265527,2
3.080097200818258,1.6659208574838673,2
2.3562780456095793,2.3027495478083138,2
0.1417472248309695,3.8087892247829274,2
1.539990341300583,-1.9160158738011723,2
-5.36269315597283,1.8187057310644752,2
2.4502286095902948,2.386760761191363,2
3.4058216979795146,1.0266144008126288,2
-1.671465427235282,5.092677171644971,2
2.933694743301219,0.847386103702454,2
-5.037695222700557,0.3226049470456042,2
-2.2741955660614526,4.542525963943663,2
-3.928654878076815,-4.790339315066122,2
2.741076141803156,2.861166966111989,2
-0.140781630487977,-1.82664309968338,2
0.6857083529576858,-2.417398969635479,2
1.2598405187540826,-2.4381906175046884,2
2.0224166459543462,-1.5454507869665084,2
2.9314854097659677,1.5381813400505842,2
2.513789021802372,2.3854673866545024,2
-4.192291132279347,3.2651731967797817,2
1.586379751088168,-2.2812845036765563,2
2.36730816948054,-1.4918365435674736,2
-1.1886917660234484,0.015587796253915792,2
0.3268547228536452,4.25057316525297,2
-3.222023254320485,4.060790644107639,2
1.5770866546978917,-1.401291627871344,2
2.870920908227695,-0.49991799483516297,2
-0.7553125799819925,0.607321083768865,2
3.9926166409749975,1.0945470449640744,2
2.7973081393664385,0.10588883784577262,2
-3.4326521886664425,3.330825269462014,2
0.7729024176020446,3.5468364750920904,2
0.0640168543168977,-2.1572056236593027,2
0.34448943290639816,4.07769046451029,2
-0.13129782187832112,-0.8890273967560923,2
-1.227044683475255,-1.367618504016886,2
1.5833866414643138,-1.5689037166256403,2
-1.2177146695470682,4.838804040152027,2
2.9482437170451936,2.8292586493448173,2
0.47371250629155404,5.055347100397938,2
3.0912200532874614,-0.10479734727577818,2
2.8978625431400995,0.05149978258763241,2
-4.528321563425529,1.7385543312181784,2
1.557438712777931,3.8067994269803833,2
3.2488933176201575,-1.2572238210636357,2
0.6228164225571644,-1.9205206005358564,2
3.134520387390535,1.8345809937570408,2
3.0656685918700917,-0.8611412818251563,2
8.190812810476093,2.6572261140059528,2
-4.658319685464234,2.425773622781329,2
-1.1265451062208454,4.692524224256464,2
2.042779641420585,-1.0793351896298617,2
3.095065739858833,-0.9993094251903453,2
2.6181814989257775,-0.20481689475127643,2
2.6072873953941946,1.3639305926616545,2
1.838730098158426,4.02641766620079,2
-1.4948670168825091,-1.3351368663156167,2
-0.969104812358827,0.11022086822609548,2
0.11964494747726849,-2.080210504535524,2
-4.685674731521232,3.7785226902219677,2
-2.37037135042313,3.904640972567904,2
-1.8042124902340082,4.242401532843785,2
1.1190873841484354,-2.976607557149623,2
-0.22745477166938935,4.191833135178344,2
0.7219140733269385,-2.055859983788432,2
-0.9135698667653757,0.31367886126561406,2
-0.06440611025040434,-2.46030048880322,2
3.450342945980322,1.6322963905531718,2
1.7708584628927906,2.692033555534316,2
-0.13740954735138136,-1.402451552724229,2
1.096421440052371,-1.2905987560106489,2
-0.16701960119230488,-1.4043417268344895,2
-2.9843807405016305,4.620115815088829,2
-1.312230480935747,5.456398445805385,2
0.8189089739958789,-1.6730286509163192,2
0.4392699837182937,-2.052855928723243,2
-1.1007807029414354,-0.9979396961907596,2
2.419524380615201,2.0074573719148696,2
2.119870158236627,-1.6619634780743242,2
3.0712718733375515,2.526928791854462,2
2.662585281447189,-1.5234025082275484,2
3.178961622268001,1.6958809325109065,2
-0.5158585979576117,-2.1081216676909285,2
2.843359257770412,1.06697747704241,2
-4.866849973691216,2.866023648514442,2
-0.8138649500660652,-1.603123467470549,2
2.2037306020852703,1.6469259260606837,2
3.1873328498626448,1.1726168219624244,2
-0.5525921144707511,0.3469559305794894,2
1.5212160269751263,3.972216421472577,2
-1.1867235548366073,-1.6025622647042186,2
-1.4581813388839147,3.8875048024329564,2
-1.292270584115371,-1.0939882051399434,2
1.827015335653389,-2.454931410949522,2
2.9504211895810584,2.305528108486262,2
-1.1334143406670463,4.536470022075372,2
0.26079540466908596,-1.5568687141662627,2
-0.5539428373593069,-0.7981166449112577,2
-0.18917125332691193,-2.0514710342249853,2
1.7986980019032597,2.7550143915341647,2
2.0042359201433317,-0.8762562840019485,2
3.3757130010636476,0.07297737370030277,2
1.8780834710187304,-2.7281554932600747,2
1.9523465222779282,1.7847694560375367,2
1.6878482353070954,-0.43692730517525824,2
-1.1674271197893737,-0.4504324704635445,2
2.3099706832206115,-0.9035793455543497,2
1.9555555118536525,2.5254070539502225,2
1.776736563428781,-1.580008342139357,2
-4.281899578462024,1.836295462836972,2
1.5762791448559832,-2.0602728952296325,2
3.267802736139134,-0.06873631272673705,2
3.200366943823103,1.9426884503695565,2
-0.31374131410417627,-1.4670804855140482,2
-0.647117403584976,-1.8657268234329432,2
-0.43713504290433436,-1.622547602698145,2
-5.036102581421727,0.35375744530729814,2
-1.0457799896955773,4.106392068594265,2
0.47545649967670417,-1.6516430151851498,2
-2.9170935152733515,2.657439738160562,2
2.587235529233745,0.8331274056781505,2
0.9435814460114568,-2.5964513514554497,2
-4.608011711524543,0.8692480283590357,2
0.22536411435261547,-1.6564484478106853,2
2.428444879804706,2.8072817889381305,2
0.6869910772089088,-2.0570248983339807,2
1.3851952168586865,4.855337606122144,2
0.27594954420581325,-2.371399961205551,2
3.0097717569484597,-0.47601172885508586,2
3.228859533188386,-0.290054218630603,2
-1.1214138136478597,0.0006685604766217167,2
-1.1002499014908287,-0.7187353603634165,2
0.5653365158320027,-1.5935338475718874,2
-0.0200128314847954,-1.6612163016075363,2
2.6706434675658657,-1.6852993467518986,2
-0.7193630033937239,-0.6023842705557232,2
4.484369431780771,1.7184343389611638,2
-0.25865711294885985,-1.8547812731059983,2
1.8643987687047967,-2.1601658232318743,2
2.68676412003922,-1.8416937826462776,2
2.0466753642920774,-1.9981921151920665,2
2.535508580781821,0.7844018153907549,2
1.1086871907387803,-1.7522219366159986,2
1.99126880120226,3.521003606293569,2
-0.10852651424878623,4.167069330127824,2
0.0008963464039021358,-6.103539768414885,2
2.629125912623092,1.5013560671803754,2
-0.9214556249339636,-1.4128977250381842,2
-0.699878815513069,-2.3563166242463947,2
2.919506376311766,2.1281408145952194,2
-10.701646047686909,-0.842138899220241,2
2.4433029801015693,2.8739383934528795,2
8.621614359335506,0.15241230059059035,2
-0.2932744606698676,-1.5795582942081403,2
0.7870338271900784,-2.1584195500758177,2
1.1729845588451473,-1.414160866726982,2
2.861040368427463,2.6971109152675266,2
1.3223241840425388,-1.409033020080392,2
0.06544129651253418,-2.5501603371393804,2
-1.9887045291403176,-0.29723221757761925,2
2.757013444822204,1.4644164770372952,2
1.9342037023872265,4.421234635249003,2
3.7722130315586404,1.943195937425647,2
5.965453020439924,-4.734125117771169,2
0.6456042857618409,-2.168621673652111,2
2.5413734777868013,-0.7179822855912245,2
-2.956770750837685,3.086873533175347,2
-0.33534798788174686,-2.4194019854989106,2
1.9416338538827052,-1.5934943551403693,2
-5.298299340443663,-3.9191201554997344,2
-4.692896763627161,0.8762411806764135,2
2.3424198129962743,-0.5766460482281197,2
2.9610171343216716,1.3775758973642858,2
-4.633990705597047,-4.2073737061114045,2
2.498366394043853,-6.139915777870784,2
-1.6118175270879072,3.789608404209666,2
2.3324245012778224,-1.1593621389438569,2
0.6698383531743359,-1.8831067660747653,2
-1.1666738801360195,4.992588966686217,2
-4.996825920802248,0.8356730335808612,2
-0.7824009300493586,-1.5931568839589665,2
2.774007825520951,-0.14768275458329067,2
4.2659729498039995,0.9936150297236621,2
2.44565199934973,-0.15243506450268027,2
-0.5559955350364207,-1.238196607148475,2
-4.821059641363008,1.9431976794895156,2
0.7130492185493695,-2.8837624172508916,2
1.7338425407219311,-2.354990029590835,2
-1.0845059457756407,4.93489809706671,2
2.77231696091395,0.27077452714660666,2
1.0715195164867206,-2.0392388322414625,2
-1.09385920904224,-6.053212423327743,2
2.9872069271293418,-0.15998617480744615,2
-5.042444422215581,-4.0330880562918,2
-0.33368853135084975,-2.1432117214164825,2
0.24226773763060921,-1.7084976193242438,2
-0.22953255369890366,-1.712291438366973,2
0.7588657430573675,-2.588188805142385,2
3.584303994390439,3.718077300379929,2
-0.9589402691647008,-1.5415141900995784,2
1.1329818328958032,-1.9315581276036085,2
-0.020020608295184105,-1.7567390955963718,2
1.7964761132014269,-1.6017256890960305,2
0.6830631174344095,-1.9265273664299536,2
1.0224654281952363,-2.2053554370189876,2
-3.518759040865067,-4.638551408352255,2
-0.6734807301704977,0.2828118089787139,2
1.4882670823773068,4.454339413472209,2
0.44686618705531533,-6.352681956545433,2
3.0398542756867073,1.1438440426842622,2
-5.630601948749801,-0.5192665640532932,2
0.4527793246345579,3.824239940839603,2
-0.7837834147425914,-0.5716539418313507,2
0.2415610107890119,-2.597779649171801,2
0.46836627877252196,-1.9640737147821017,2
0.4410002230160963,-1.3695516942839254,2
0.46805339016906694,-1.7615475104215594,2
2.5768735793532302,-0.20846439499223182,2
-0.8852681155581399,-2.7752260214612314,2
-2.772542854986493,3.080697327253537,2
2.6825072778219514,1.6022709658715915,2
3.572538115138211,0.4086967461762815,2
-3.484657672801619,-5.781170331528578,2
0.4916118274500705,-2.085607562530075,2
1.777477204336595,-0.6666669030335323,2
2.535413505017753,-1.7767137482141293,2
-4.219304819531552,0.5817990331862745,2
3.5753537918964984,0.6610170363776809,2
-5.3337213833300305,0.8679397783338682,2
-5.206028264278312,-0.5100194671390896,2
0.4121700429427361,4.019306412508657,2
-0.6702237969977861,-0.9728039271245706,2
2.521267004428893,-0.941702035630589,2
-1.3334182598917805,-1.1198671709153507,2
8.976265226144081,1.8574022682860025,2
-1.3282177526215408,-1.6318883317847543,2
3.018575288071618,2.9072679370898844,2
0.5021269289172011,3.6686486694766955,2
1.3040389309129616,4.242822403549669,2
2.883726815348415,-0.6803068241176272,2
3.805957371343284,0.12147937850865877,2
-3.001583043237359,3.191824365893386,2
0.6820948791116045,-0.9286991349190092,2
0.21089642505543332,-2.7218659570883132,2
1.9320904770997387,-2.298903009289787,2
0.8288308996633749,-2.436842121877213,2
1.3033091490886755,-1.926350069204446,2
1.6395436108579347,-0.5106565350493214,2
-4.456270660048355,8.568376883522795,2
-5.27903014013541,-0.9942435379259086,2
-0.7527320403704236,-1.9222083063704603,2
-0.7194575352450742,4.63413384198568,2
0.5075464710061003,-1.6440055193367582,2
0.9304703261079373,3.8213436991004004,2
-0.1125738206504412,4.6197585741233285,2
0.806662419943176,4.37846674471867,2
0.3288294089217854,-1.9503469226863048,2
-3.2315782709189538,3.686937892597406,2
-0.7683002225349165,-0.37179287055717414,2
-3.350568246692746,3.0626054298484346,2
2.7148512036229966,0.030399793310895012,2
0.7209563880668166,-1.8225790902944603,2
-2.647302180520712,4.182388625206209,2
2.957837999982079,-0.05868107169477339,2
3.291592506486004,0.3319082398138011,2
2.2373447489790985,-0.824305822324119,2
-5.381155986362416,0.5524536375052282,2
1.9451883617930357,-0.8202050034947064,2
0.7608185745227715,-1.8922379850833542,2
-0.8573265459792516,-0.21593856499607758,2
6.16782084325501,-4.772324915599659,2
3.278741535937624,0.5301650465992207,2
-1.450662269788974,-1.993462811869391,2
-0.2622399862243662,4.478846407908154,2
1.9895340063546043,-2.183564585282254,2
-0.34914799060824125,-1.520702802473962,2
1.4009421425650133,4.049738728946787,2
0.050978515007753765,-2.2012480006144943,2
2.3225750090982107,0.5155882723065615,2
1.4310091149401702,-6.354613635946756,2
1.9684861689146502,-0.9795223948995713,2
3.515523029013452,1.924252161170832,2
-5.51934705600768,-1.7051188821636125,2
-1.2599743238442573,10.189014874796092,2
1.3705439181211283,-2.1777951018392114,2
1.5053866025597407,-1.2998212223152505,2
3.710000748278349,0.1695733082695142,2
-4.757186196643279,8.121901100069373,2
-2.5743420148719682,2.9661993499101262,2
2.1009420831748766,3.2900424393392864,2
0.7573703869101299,-1.0832298545295458,2
-0.8986979359700628,-5.9015517392196415,2
3.8094913443534035,0.7216894195849874,2
-0.4994639580896363,-1.6539124011023691,2
0.46481271861744267,4.245126420433213,2
-2.590135720302784,8.419825499348942,2
1.7469150140136587,-2.233801300997474,2
3.2235006897844958,0.4146968069445664,2
2.005369540482925,2.0164464871965686,2
2.629880517756364,2.8036187221152,2
1.2768579467804335,2.343622387747789,2
2.6065295614895025,1.80034193110591,2
1.9721300296447386,3.015519109021964,2
1.7396887982864468,-2.0215723462967006,2
-3.5141232692310886,3.5755567809903313,2
0.4881242773289585,-2.081215366589363,2
-2.471424909249379,-6.2054720780929635,2
0.24791433410333574,-2.242437136454387,2
2.3277095963309775,1.5394213612570773,2
2.8702641650453167,0.1338304673213081,2
-1.8794619011654696,4.034170824538009,2
-1.5806265949503768,4.390634182646237,2
2.482133251400782,-1.6917834914198049,2
1.2233389382978879,-2.899994838044138,2
1.682827625414254,-2.658710871403214,2
2.8677793625088817,1.5005596784197623,2
0.15007350863213573,-0.7696975090839787,2
-0.7415240845334788,-1.0394117836583845,2
-0.41880154529635955,-1.2916616685392643,2
0.47657688340590393,3.862410432697853,2
1.8758947638479608,2.6232510129832773,2
2.8544111709960647,1.784902526986337,2
-3.6684568932743487,3.0907749616487425,2
0.6038542796262385,-1.3384499207777925,2
-0.4690992714278215,-1.9961658321550404,2
0.07625602945441541,-2.0380653370430863,2
0.5271714960630225,-2.386502200966589,2
2.7559895688177973,2.181500517295898,2
-0.559137639232717,-2.087153756244241,2
3.152677007432598,-0.645014846091088,2
-5.093165243418861,7.7806109345653,2
-1.7450003997730301,-0.44466558974072345,2
-1.2004636315694346,-0.6062381841599506,2
2.7979803555318625,2.4822420734310207,2
2.7852872929931722,-1.0589052120455817,2
3.7088009084789504,1.2426679799075515,2
1.4988821595588764,-1.2655193638473834,2
-3.4942273816341225,-4.8341731117551126,2
1.8734507697004765,-1.0417435334546137,2
-1.7780973686235224,-0.7139781150078176,2
2.500801956143849,-1.0444360720208583,2
-1.4783961509842187,-0.50881630904175,2
2.009095790138756,2.8400329502887702,2
-1.639895594808495,-1.243522633638583,2
3.5357515998655553,1.6171677698027982,2
3.3794433143598894,-0.7024094004575424,2
3.192598239637456,0.5606345271517168,2
-0.675057489159477,-2.231028905898542,2
2.5454630817414943,-1.6585195668522492,2
-1.4203344176170611,-0.46747165311109806,2
2.7462347988845797,3.4368101619524216,2
2.8862535650095067,1.0228650379308175,2
2.3925524691109676,0.07237104526141735,2
2.881277448256107,1.2676346624917982,2
-0.06511766585826967,4.305621441807203,2
0.26701171572068405,-1.5238082844705305,2
1.2405859698260646,-1.3816650563489072,2
-1.5789227195282363,-0.7221460450183618,2
-0.328442210909491,-0.7378372338760109,2
-0.523530563242789,-1.3240858207512898,2
-0.9817127019100715,-1.0370848629790501,2
0.15281261604805635,4.453603134289152,2
-0.8004521031552435,-0.897984233601327,2
-5.875811939634106,-1.4271422283437474,2
1.9543442215466866,3.7876319858794725,2
0.5518391267672055,3.7985017140660067,2
0.3118838484660244,-1.9040203849010686,2
1.6210224572474894,3.777953809089145,2
0.8371122138090604,-2.2539266224448995,2
3.3321932506101786,0.6021955111313835,2
2.628705210850578,2.0410355285724386,2
2.2269151902283837,-1.5921095523520306,2
-0.21808554066775251,-1.8470347768611468,2
-0.38960870077875476,-1.671761995324913,2
4.212843229540113,1.2105964247629621,2
2.829932794594256,-0.08988275352145804,2
2.754119765048946,0.3322257734667866,2
-1.090754716246008,-1.5109407198673177,2
2.6113255351082194,1.3984141911968744,2
-0.616147298065876,-0.3569074096502157,2
3.2550371000411524,-0.1701520055861914,2
-1.022131529089135,-0.3277574358873974,2
-0.8442362970852351,-1.6699042153450672,2
3.1099751532328934,2.4628813325941623,2
1.7556055921637077,-1.956031616722423,2
0.5123099456823068,-1.8566672120646945,2
2.470099550130779,-0.249102143922646,2
3.0065486559728174,-0.06943739713303126,2
0.9562909895199959,4.583704675153204,2
-1.1631247812696455,-1.6317535008062203,2
-0.676344976743343,-1.1994762402362806,2
-0.5140966372253214,-1.4832265326432745,2
3.121716343473337,1.8939639594962014,2
-3.294317124451316,2.540999371179121,2
-1.3808833854451514,-1.1334777701023306,2
-0.0639736843756075,-5.692880361862438,2
2.3593793299519508,3.045247469509298,2
-4.884781882408262,1.076572357291967,2
1.1030210451379414,-1.8685677764232869,2
-5.492113672901192,1.3446384709389458,2
-0.013828082104912416,4.988037140714094,2
3.575732397793122,1.432783049799039,2
-2.312487974103453,-5.540036404789036,2
0.9566253506882725,-1.1114284107037147,2
-0.35147130160173423,-2.789285038633825,2
2.8874009748778997,1.079936498262361,2
-0.7296158395327635,-1.3897311519819264,2
2.2023676190765915,0.42200018683758067,2
0.5923891669376075,-2.083377171437049,2
